{
    "utterances": [
        {
            "text": "My answer is no",
            "entities": [],
            "traits": [],
            "intent": "No"
        },
        {
            "text": "My answer is yes",
            "entities": [],
            "traits": [],
            "intent": "Yes"
        },
        {
            "text": "No",
            "entities": [],
            "traits": [],
            "intent": "No"
        },
        {
            "text": "Nop",
            "entities": [],
            "traits": [],
            "intent": "No"
        },
        {
            "text": "Yeah",
            "entities": [],
            "traits": [],
            "intent": "Yes"
        },
        {
            "text": "Yes",
            "entities": [],
            "traits": [],
            "intent": "Yes"
        },
        {
            "text": "slow",
            "entities": [],
            "traits": [],
            "intent": "slow"
        }
    ]
}
